{"cameraMode":{"drawMode":0,"name":"Shaded","section":"Shading Mode"},"sceneLighting":true,"audioPlay":false,"sceneViewState":{"m_AlwaysRefresh":false,"showFog":true,"showSkybox":true,"showFlares":true,"showImageEffects":true,"showParticleSystems":true,"showVisualEffectGraphs":true,"m_FxEnabled":false},"in2DMode":false,"pivot":{"x":510.9778137207031,"y":287.41754150390627,"z":-176.51344299316407},"rotation":{"x":-0.018886415287852289,"y":0.03507862985134125,"z":-0.0006623166846111417,"w":-0.9992071986198425},"size":398.5397644042969,"orthographic":true}